{"cameraMode":{"drawMode":0,"name":"Shaded","section":"Shading Mode"},"sceneLighting":true,"audioPlay":false,"sceneViewState":{"m_AlwaysRefresh":false,"showFog":true,"showSkybox":true,"showFlares":true,"showImageEffects":true,"showParticleSystems":true,"showVisualEffectGraphs":true,"m_FxEnabled":true},"in2DMode":false,"pivot":{"x":138.0590057373047,"y":-9.479644775390625,"z":91.09461212158203},"rotation":{"x":-0.2943744957447052,"y":-0.008027140982449055,"z":0.0024777017533779146,"w":-0.9556593298912048},"size":84.11490631103516,"orthographic":false}