{"cameraMode":{"drawMode":0,"name":"Shaded","section":"Shading Mode"},"sceneLighting":true,"audioPlay":false,"sceneViewState":{"m_AlwaysRefresh":false,"showFog":true,"showSkybox":true,"showFlares":true,"showImageEffects":true,"showParticleSystems":true,"showVisualEffectGraphs":true,"m_FxEnabled":true},"in2DMode":false,"pivot":{"x":137.80718994140626,"y":24.90699005126953,"z":-0.7512855529785156},"rotation":{"x":-0.26412734389305117,"y":0.009259108453989029,"z":-0.002532651647925377,"w":-0.9644474387168884},"size":66.28900146484375,"orthographic":false}