{"cameraMode":{"drawMode":2,"name":"Shaded Wireframe","section":"Shading Mode"},"sceneLighting":true,"audioPlay":false,"sceneViewState":{"m_AlwaysRefresh":false,"showFog":true,"showSkybox":true,"showFlares":true,"showImageEffects":true,"showParticleSystems":true,"showVisualEffectGraphs":true,"m_FxEnabled":true},"in2DMode":false,"pivot":{"x":-1.5693827867507935,"y":1.7245421409606934,"z":1.0131993293762208},"rotation":{"x":-0.029636377468705179,"y":0.9439388513565064,"z":-0.08833508938550949,"w":-0.31669098138809206},"size":0.6073950529098511,"orthographic":false}